{
  "/success.txt-74" : {
    "transaction" : "/success.txt-74",
    "sampleCount" : 8761,
    "errorCount" : 0,
    "errorPct" : 0.0,
    "meanResTime" : 14.633375185481121,
    "medianResTime" : 13.0,
    "minResTime" : 9.0,
    "maxResTime" : 386.0,
    "pct1ResTime" : 20.0,
    "pct2ResTime" : 25.0,
    "pct3ResTime" : 43.0,
    "throughput" : 4.874154352857397,
    "receivedKBytesPerSec" : 1.0471810559392802,
    "sentKBytesPerSec" : 1.4422546571443275
  },
  "/success.txt-75" : {
    "transaction" : "/success.txt-75",
    "sampleCount" : 8767,
    "errorCount" : 0,
    "errorPct" : 0.0,
    "meanResTime" : 16.167446104710802,
    "medianResTime" : 13.0,
    "minResTime" : 8.0,
    "maxResTime" : 293.0,
    "pct1ResTime" : 24.0,
    "pct2ResTime" : 29.0,
    "pct3ResTime" : 59.31999999999971,
    "throughput" : 4.87488065800602,
    "receivedKBytesPerSec" : 1.0473376413684807,
    "sentKBytesPerSec" : 1.442469569702953
  },
  "Total" : {
    "transaction" : "Total",
    "sampleCount" : 43802,
    "errorCount" : 153,
    "errorPct" : 0.34929913,
    "meanResTime" : 346.9256426647218,
    "medianResTime" : 362.0,
    "minResTime" : 8.0,
    "maxResTime" : 21038.0,
    "pct1ResTime" : 725.0,
    "pct2ResTime" : 1038.0,
    "pct3ResTime" : 2087.8600000000224,
    "throughput" : 24.314574034219813,
    "receivedKBytesPerSec" : 62.15440785960473,
    "sentKBytesPerSec" : 11.31455069825576
  },
  "Sampler" : {
    "transaction" : "Sampler",
    "sampleCount" : 8772,
    "errorCount" : 42,
    "errorPct" : 0.47879618,
    "meanResTime" : 539.0542635658906,
    "medianResTime" : 388.0,
    "minResTime" : 339.0,
    "maxResTime" : 21038.0,
    "pct1ResTime" : 805.0,
    "pct2ResTime" : 1102.0,
    "pct3ResTime" : 2730.3600000000297,
    "throughput" : 4.870440832638838,
    "receivedKBytesPerSec" : 22.02833688631585,
    "sentKBytesPerSec" : 1.9712902101474181
  },
  "/index.php?route=account/login-77" : {
    "transaction" : "/index.php?route=account/login-77",
    "sampleCount" : 8749,
    "errorCount" : 54,
    "errorPct" : 0.61721337,
    "meanResTime" : 633.0772659732554,
    "medianResTime" : 386.0,
    "minResTime" : 332.0,
    "maxResTime" : 6657.0,
    "pct1ResTime" : 1110.0,
    "pct2ResTime" : 1562.0,
    "pct3ResTime" : 3426.5,
    "throughput" : 4.870651333402736,
    "receivedKBytesPerSec" : 19.31215817602347,
    "sentKBytesPerSec" : 4.200186087106107
  },
  "/index.php-76" : {
    "transaction" : "/index.php-76",
    "sampleCount" : 8753,
    "errorCount" : 57,
    "errorPct" : 0.6512053,
    "meanResTime" : 532.2423169199141,
    "medianResTime" : 377.0,
    "minResTime" : 329.0,
    "maxResTime" : 7915.0,
    "pct1ResTime" : 850.0,
    "pct2ResTime" : 1195.099999999995,
    "pct3ResTime" : 2413.2999999999956,
    "throughput" : 4.868089404216601,
    "receivedKBytesPerSec" : 18.820088844508675,
    "sentKBytesPerSec" : 2.28095177095314
  }
}