{
  "/success.txt-74" : {
    "transaction" : "/success.txt-74",
    "sampleCount" : 588,
    "errorCount" : 0,
    "errorPct" : 0.0,
    "meanResTime" : 16.343537414965986,
    "medianResTime" : 15.0,
    "minResTime" : 12.0,
    "maxResTime" : 41.0,
    "pct1ResTime" : 21.0,
    "pct2ResTime" : 23.0,
    "pct3ResTime" : 31.33000000000004,
    "throughput" : 5.004766444232603,
    "receivedKBytesPerSec" : 1.0752427907530981,
    "sentKBytesPerSec" : 1.4809025709008579
  },
  "/success.txt-75" : {
    "transaction" : "/success.txt-75",
    "sampleCount" : 591,
    "errorCount" : 0,
    "errorPct" : 0.0,
    "meanResTime" : 20.08121827411168,
    "medianResTime" : 15.0,
    "minResTime" : 12.0,
    "maxResTime" : 125.0,
    "pct1ResTime" : 27.0,
    "pct2ResTime" : 47.39999999999998,
    "pct3ResTime" : 121.0,
    "throughput" : 4.999280983276517,
    "receivedKBytesPerSec" : 1.0740642737508141,
    "sentKBytesPerSec" : 1.479279431574985
  },
  "Total" : {
    "transaction" : "Total",
    "sampleCount" : 2933,
    "errorCount" : 22,
    "errorPct" : 0.75008523,
    "meanResTime" : 354.48960109103365,
    "medianResTime" : 366.0,
    "minResTime" : 12.0,
    "maxResTime" : 5985.0,
    "pct1ResTime" : 746.5999999999999,
    "pct2ResTime" : 1072.2999999999997,
    "pct3ResTime" : 2502.219999999983,
    "throughput" : 24.05261560918805,
    "receivedKBytesPerSec" : 61.05337154597305,
    "sentKBytesPerSec" : 11.112820121513682
  },
  "Sampler" : {
    "transaction" : "Sampler",
    "sampleCount" : 594,
    "errorCount" : 14,
    "errorPct" : 2.3569024,
    "meanResTime" : 558.1414141414151,
    "medianResTime" : 389.0,
    "minResTime" : 343.0,
    "maxResTime" : 5985.0,
    "pct1ResTime" : 910.0,
    "pct2ResTime" : 1182.5,
    "pct3ResTime" : 3226.099999999988,
    "throughput" : 4.871208207247768,
    "receivedKBytesPerSec" : 21.70886080409788,
    "sentKBytesPerSec" : 1.9506744040150563
  },
  "/index.php?route=account/login-77" : {
    "transaction" : "/index.php?route=account/login-77",
    "sampleCount" : 576,
    "errorCount" : 5,
    "errorPct" : 0.8680556,
    "meanResTime" : 664.4288194444441,
    "medianResTime" : 391.0,
    "minResTime" : 336.0,
    "maxResTime" : 5418.0,
    "pct1ResTime" : 1167.5000000000005,
    "pct2ResTime" : 1725.35,
    "pct3ResTime" : 3843.0500000000134,
    "throughput" : 4.938483302610709,
    "receivedKBytesPerSec" : 19.561961460967975,
    "sentKBytesPerSec" : 4.245273382239465
  },
  "/index.php-76" : {
    "transaction" : "/index.php-76",
    "sampleCount" : 584,
    "errorCount" : 3,
    "errorPct" : 0.51369864,
    "meanResTime" : 520.5359589041093,
    "medianResTime" : 381.0,
    "minResTime" : 332.0,
    "maxResTime" : 3406.0,
    "pct1ResTime" : 805.0,
    "pct2ResTime" : 1078.75,
    "pct3ResTime" : 2542.45,
    "throughput" : 4.956250901715168,
    "receivedKBytesPerSec" : 19.203764952559172,
    "sentKBytesPerSec" : 2.3188252003929355
  }
}